OrderID,OrderDate,CustomerID,ProductID,Quantity,UnitPrice,Sales
1,2021-12-10,116,37,7,708.95,4962.65
2,2021-09-03,34,8,6,414.9,2489.4
3,2021-04-25,98,16,5,222.17,1110.85
4,2021-03-25,70,32,5,388.3,1941.5
5,2022-09-13,5,24,6,407.24,2443.44
6,2022-10-01,106,3,3,138.2,414.6
7,2021-03-24,81,7,8,534.75,4278.0
8,2021-11-20,38,34,2,256.44,512.88
9,2023-08-17,53,7,1,561.89,561.89
10,2022-06-02,177,19,5,82.51,412.55
11,2023-05-12,30,13,1,499.93,499.93
12,2021-03-27,98,21,4,44.06,176.24
13,2021-06-06,59,12,6,372.19,2233.14
14,2021-06-02,185,31,1,376.54,376.54
15,2023-05-29,87,6,2,392.56,785.12
16,2022-07-31,58,50,7,595.36,4167.52
17,2021-06-26,184,13,1,445.59,445.59
18,2022-11-23,193,11,8,660.04,5280.32
19,2022-06-26,160,6,5,411.95,2059.75
20,2021-10-05,18,19,3,94.17,282.51
21,2023-06-17,180,1,8,565.31,4522.48
22,2022-04-18,45,15,7,167.95,1175.65
23,2023-09-16,52,45,3,391.75,1175.25
24,2022-07-30,121,8,9,571.09,5139.81
25,2021-03-10,56,43,9,454.99,4094.91
26,2021-12-22,190,5,7,205.74,1440.18
27,2023-05-06,5,44,8,717.84,5742.72
28,2022-03-31,115,28,5,109.37,546.85
29,2022-09-18,15,41,1,411.26,411.26
30,2022-07-20,122,26,5,397.41,1987.05
31,2022-10-31,7,42,2,26.78,53.56
32,2022-06-16,31,1,4,569.9,2279.6
33,2023-01-12,39,14,7,340.43,2383.01
34,2022-05-07,57,48,4,304.9,1219.6
35,2021-05-17,139,46,4,346.22,1384.88
36,2021-06-21,102,26,6,319.07,1914.42
37,2021-11-05,114,23,4,517.14,2068.56
38,2021-06-30,118,22,3,608.68,1826.04
39,2021-07-18,47,39,1,136.63,136.63
40,2021-01-02,183,6,5,441.93,2209.65
41,2022-11-30,13,33,4,36.88,147.52
42,2021-08-30,179,9,5,186.07,930.35
43,2022-02-21,21,41,5,516.1,2580.5
44,2021-01-14,73,47,6,512.81,3076.86
45,2023-02-03,116,12,6,344.89,2069.34
46,2021-04-07,193,3,5,162.39,811.95
47,2021-10-20,122,16,8,303.02,2424.16
48,2023-01-26,128,48,7,367.61,2573.27
49,2021-02-18,41,17,9,477.37,4296.33
50,2022-10-17,78,8,2,462.88,925.76
51,2022-03-21,170,10,3,789.27,2367.81
52,2023-07-18,191,15,9,222.81,2005.29
53,2022-06-05,24,46,8,264.82,2118.56
54,2021-07-25,103,2,7,367.65,2573.55
55,2021-01-12,154,50,6,799.53,4797.18
56,2022-08-28,44,5,4,158.11,632.44
57,2023-04-28,70,9,4,174.95,699.8
58,2022-08-29,133,29,6,280.94,1685.64
59,2022-03-19,103,2,7,251.3,1759.1
60,2021-06-08,198,44,3,719.48,2158.44
61,2023-03-31,92,20,4,44.7,178.8
62,2021-09-11,144,7,3,523.84,1571.52
63,2022-01-10,72,34,4,325.68,1302.72
64,2021-05-18,190,15,6,193.81,1162.86
65,2023-05-17,70,2,9,365.58,3290.22
66,2022-12-28,76,2,2,334.8,669.6
67,2021-02-19,145,35,9,551.41,4962.69
68,2023-09-09,163,25,3,92.8,278.4
69,2021-12-21,2,22,3,624.04,1872.12
70,2021-04-04,88,32,5,529.94,2649.7
71,2022-05-28,16,50,5,723.53,3617.65
72,2021-05-06,83,8,7,444.94,3114.58
73,2022-10-11,145,11,1,652.03,652.03
74,2023-06-26,195,11,3,489.93,1469.79
75,2022-08-24,119,8,8,515.14,4121.12
76,2022-01-15,100,24,2,296.66,593.32
77,2022-07-05,189,22,9,565.84,5092.56
78,2022-12-28,44,47,3,548.97,1646.91
79,2022-07-02,78,31,7,382.55,2677.85
80,2023-07-23,20,12,9,457.89,4121.01
81,2022-05-28,194,49,4,337.58,1350.32
82,2022-07-07,112,42,1,28.1,28.1
83,2021-11-26,151,11,8,516.58,4132.64
84,2022-05-16,76,28,3,140.5,421.5
85,2021-03-16,34,50,2,753.96,1507.92
86,2022-11-22,51,48,1,364.82,364.82
87,2022-02-19,70,16,2,254.71,509.42
88,2023-03-23,162,6,6,471.49,2828.94
89,2023-09-17,80,1,1,572.38,572.38
90,2022-04-30,63,47,2,421.24,842.48
91,2021-08-13,38,4,3,124.88,374.64
92,2023-05-07,199,7,8,558.57,4468.56
93,2021-09-06,47,36,4,348.75,1395.0
94,2021-01-09,81,16,8,249.67,1997.36
95,2021-04-30,24,7,7,544.88,3814.16
96,2023-05-24,22,9,2,248.62,497.24
97,2021-08-16,113,22,6,715.5,4293.0
98,2023-08-31,58,27,2,294.51,589.02
99,2021-09-18,54,38,4,535.07,2140.28
100,2021-01-19,190,35,4,428.88,1715.52
101,2023-05-30,197,15,8,160.3,1282.4
102,2023-04-21,36,26,3,379.7,1139.1
103,2023-09-04,85,41,7,495.46,3468.22
104,2021-04-27,38,29,5,304.03,1520.15
105,2021-08-09,105,49,6,416.45,2498.7
106,2022-12-03,54,50,3,751.23,2253.69
107,2022-07-29,6,40,9,57.41,516.69
108,2021-03-27,125,34,5,278.77,1393.85
109,2022-11-05,29,36,7,372.21,2605.47
110,2022-12-22,149,11,8,544.63,4357.04
111,2023-04-10,171,10,2,668.34,1336.68
112,2021-07-18,64,10,9,632.89,5696.01
113,2021-06-10,111,40,6,48.49,290.94
114,2022-09-09,42,13,4,476.29,1905.16
115,2022-08-11,103,32,7,399.29,2795.03
116,2021-03-07,172,33,1,37.89,37.89
117,2023-08-08,116,38,1,491.7,491.7
118,2023-09-23,86,45,2,412.03,824.06
119,2021-06-08,158,35,9,397.67,3579.03
120,2022-11-19,52,26,4,445.37,1781.48
121,2023-04-06,115,13,9,382.39,3441.51
122,2022-11-13,59,3,2,120.95,241.9
123,2022-09-29,23,37,1,624.39,624.39
124,2022-10-26,91,43,2,524.88,1049.76
125,2022-06-23,80,22,1,732.26,732.26
126,2021-08-23,180,45,9,410.09,3690.81
127,2021-01-17,12,9,5,236.72,1183.6
128,2023-03-21,22,43,4,399.52,1598.08
129,2023-08-18,78,43,7,431.45,3020.15
130,2022-12-11,1,50,2,569.77,1139.54
131,2023-05-19,94,44,7,623.51,4364.57
132,2021-10-21,48,17,3,502.57,1507.71
133,2021-05-08,185,49,4,413.39,1653.56
134,2021-07-31,88,10,5,668.55,3342.75
135,2022-02-20,92,45,8,509.75,4078.0
136,2022-10-02,13,11,3,607.19,1821.57
137,2022-01-01,7,2,1,278.29,278.29
138,2022-11-05,14,45,2,349.01,698.02
139,2022-02-07,9,36,8,436.9,3495.2
140,2023-06-13,188,39,7,111.73,782.11
141,2021-07-25,59,21,2,33.52,67.04
142,2022-11-23,53,43,6,526.61,3159.66
143,2021-03-17,191,8,1,400.53,400.53
144,2022-12-31,166,50,5,657.58,3287.9
145,2023-03-08,9,47,9,420.43,3783.87
146,2022-06-22,1,23,1,445.91,445.91
147,2021-07-14,147,17,9,553.04,4977.36
148,2021-08-12,39,32,2,470.96,941.92
149,2021-12-16,197,7,3,607.14,1821.42
150,2022-02-04,188,42,8,31.33,250.64
151,2021-10-03,117,30,7,304.29,2130.03
152,2021-04-19,79,49,3,344.0,1032.0
153,2023-01-15,14,21,8,32.41,259.28
154,2021-05-08,159,4,5,115.83,579.15
155,2023-01-17,119,50,2,741.35,1482.7
156,2021-06-28,92,12,3,436.65,1309.95
157,2023-02-15,104,33,1,41.46,41.46
158,2023-06-18,187,41,8,577.74,4621.92
159,2021-10-15,197,24,6,363.46,2180.76
160,2021-07-02,160,4,2,114.54,229.08
161,2021-04-07,47,1,9,578.14,5203.26
162,2023-03-05,63,31,7,515.92,3611.44
163,2021-05-22,43,10,4,781.95,3127.8
164,2021-12-30,178,35,7,475.64,3329.48
165,2023-04-02,168,4,5,140.14,700.7
166,2022-08-02,88,30,8,337.9,2703.2
167,2023-06-28,149,40,4,64.74,258.96
168,2023-02-02,121,31,1,550.84,550.84
169,2021-04-08,96,20,8,38.76,310.08
170,2022-03-08,69,12,5,367.13,1835.65
171,2022-02-10,83,45,1,425.46,425.46
172,2022-08-24,8,17,2,672.34,1344.68
173,2022-04-18,57,13,1,488.73,488.73
174,2022-10-20,137,49,1,461.88,461.88
175,2022-05-06,56,21,1,41.73,41.73
176,2023-04-30,48,11,7,523.18,3662.26
177,2021-10-02,30,46,5,243.04,1215.2
178,2021-06-19,55,7,9,501.7,4515.3
179,2022-11-09,195,18,1,16.04,16.04
180,2021-10-22,188,41,8,406.76,3254.08
181,2021-06-05,183,32,5,439.35,2196.75
182,2022-02-27,41,17,2,664.07,1328.14
183,2023-01-25,159,18,2,21.79,43.58
184,2023-01-20,35,39,8,125.0,1000.0
185,2023-04-02,129,30,7,330.57,2313.99
186,2022-03-23,117,41,4,514.66,2058.64
187,2021-12-17,197,5,6,201.43,1208.58
188,2021-02-16,138,50,6,637.36,3824.16
189,2021-07-14,114,13,6,520.24,3121.44
190,2022-11-25,115,44,2,744.96,1489.92
191,2021-04-25,49,8,7,495.57,3468.99
192,2023-07-26,156,25,9,86.04,774.36
193,2021-04-07,135,46,4,300.84,1203.36
194,2022-03-08,174,11,6,578.5,3471.0
195,2023-06-19,21,44,7,725.23,5076.61
196,2021-04-26,99,37,2,655.7,1311.4
197,2022-11-11,63,48,7,332.82,2329.74
198,2022-06-07,106,29,9,360.61,3245.49
199,2022-01-24,33,28,7,159.07,1113.49
200,2023-05-28,20,31,8,469.95,3759.6
201,2022-06-03,145,49,8,338.21,2705.68
202,2022-09-14,139,15,3,204.1,612.3
203,2021-08-08,59,46,3,239.61,718.83
204,2021-09-16,65,18,9,17.56,158.04
205,2021-09-20,20,29,9,296.69,2670.21
206,2022-02-15,61,20,1,41.71,41.71
207,2023-06-22,91,2,4,327.76,1311.04
208,2021-06-29,82,1,7,542.4,3796.8
209,2022-06-28,181,33,7,47.87,335.09
210,2021-12-05,124,1,2,498.72,997.44
211,2021-10-11,15,48,7,324.58,2272.06
212,2022-04-24,97,36,4,429.28,1717.12
213,2022-11-01,27,47,5,541.54,2707.7
214,2023-07-21,11,31,5,382.31,1911.55
215,2022-01-09,110,25,4,67.52,270.08
216,2021-07-13,192,41,4,435.51,1742.04
217,2022-08-07,14,18,3,21.5,64.5
218,2021-09-04,58,10,2,687.37,1374.74
219,2021-02-08,194,15,9,210.1,1890.9
220,2021-06-13,146,3,4,155.28,621.12
221,2022-01-30,88,24,1,368.94,368.94
222,2021-07-22,143,26,9,360.53,3244.77
223,2023-04-16,135,23,4,499.54,1998.16
224,2022-07-01,27,10,4,794.45,3177.8
225,2023-03-19,38,24,5,297.2,1486.0
226,2023-01-15,73,4,3,138.94,416.82
227,2021-03-27,96,29,7,296.97,2078.79
228,2021-05-26,128,24,9,406.81,3661.29
229,2021-12-04,146,31,8,451.04,3608.32
230,2023-06-23,9,30,9,276.52,2488.68
231,2021-07-26,25,28,1,124.9,124.9
232,2023-03-27,159,38,5,409.44,2047.2
233,2023-02-08,25,50,9,653.12,5878.08
234,2022-03-18,168,17,1,457.51,457.51
235,2021-01-22,68,31,9,515.93,4643.37
236,2021-07-17,173,50,1,688.47,688.47
237,2021-12-30,75,16,6,309.45,1856.7
238,2023-01-24,20,27,2,325.48,650.96
239,2021-04-15,33,50,7,764.3,5350.1
240,2023-04-09,116,25,9,66.13,595.17
241,2023-05-20,27,31,9,447.65,4028.85
242,2021-06-26,75,11,6,472.64,2835.84
243,2023-06-03,125,29,3,363.58,1090.74
244,2021-11-30,153,46,8,284.37,2274.96
245,2022-08-24,81,42,2,28.44,56.88
246,2022-05-13,138,12,1,366.91,366.91
247,2022-10-24,67,31,9,513.9,4625.1
248,2022-02-03,93,11,2,505.03,1010.06
249,2023-05-29,101,48,7,322.14,2254.98
250,2021-02-22,101,25,7,64.93,454.51
251,2021-04-21,139,45,5,373.16,1865.8
252,2022-08-22,156,28,5,130.95,654.75
253,2022-02-05,15,16,1,309.9,309.9
254,2023-09-14,39,27,3,363.47,1090.41
255,2022-11-17,11,31,7,505.98,3541.86
256,2022-05-17,10,33,6,39.86,239.16
257,2021-12-16,191,34,4,267.54,1070.16
258,2022-04-11,179,31,2,514.67,1029.34
259,2022-02-09,6,16,4,287.98,1151.92
260,2023-03-28,51,11,9,592.16,5329.44
261,2023-07-27,157,3,9,111.2,1000.8
262,2022-03-13,32,6,7,469.13,3283.91
263,2021-09-19,56,41,2,568.32,1136.64
264,2021-08-04,155,11,6,606.27,3637.62
265,2021-06-28,55,9,4,232.54,930.16
266,2022-01-09,126,26,1,394.91,394.91
267,2021-01-19,3,48,8,394.68,3157.44
268,2023-02-13,81,2,2,307.95,615.9
269,2021-12-28,69,21,5,40.26,201.3
270,2021-12-27,173,47,3,455.46,1366.38
271,2021-01-07,80,34,3,340.4,1021.2
272,2022-05-20,111,9,2,176.29,352.58
273,2021-06-30,76,3,8,121.31,970.48
274,2021-11-18,76,17,6,652.78,3916.68
275,2021-07-06,198,3,4,139.4,557.6
276,2023-08-31,152,21,2,34.26,68.52
277,2021-09-07,134,12,3,336.8,1010.4
278,2022-07-01,127,19,5,96.46,482.3
279,2021-08-06,63,24,6,372.57,2235.42
280,2023-08-06,139,27,1,418.12,418.12
281,2021-02-21,38,35,2,546.68,1093.36
282,2021-11-23,81,43,7,459.75,3218.25
283,2022-12-30,165,10,9,629.2,5662.8
284,2022-09-11,96,29,9,298.19,2683.71
285,2023-05-31,170,36,6,382.46,2294.76
286,2022-11-05,4,14,9,373.26,3359.34
287,2021-12-11,44,13,9,493.63,4442.67
288,2021-08-15,169,9,2,183.3,366.6
289,2023-02-23,171,17,8,589.5,4716.0
290,2022-11-04,93,48,6,335.46,2012.76
291,2023-08-12,94,16,3,325.49,976.47
292,2022-09-14,69,9,9,175.75,1581.75
293,2021-01-22,52,30,3,282.7,848.1
294,2022-10-01,166,30,9,306.89,2762.01
295,2021-06-03,150,13,2,491.75,983.5
296,2022-04-18,154,50,4,740.92,2963.68
297,2022-01-18,66,9,7,210.2,1471.4
298,2022-04-20,145,24,1,366.18,366.18
299,2022-01-19,39,34,4,291.18,1164.72
300,2022-06-04,56,33,8,41.31,330.48
301,2022-10-22,118,32,4,469.5,1878.0
302,2023-04-15,8,27,4,301.53,1206.12
303,2021-07-11,197,36,7,368.06,2576.42
304,2023-06-25,45,2,4,297.35,1189.4
305,2022-04-10,104,39,4,139.2,556.8
306,2022-12-14,45,49,5,411.03,2055.15
307,2022-12-14,48,12,1,452.76,452.76
308,2022-01-25,27,49,9,433.02,3897.18
309,2023-07-26,60,5,6,178.58,1071.48
310,2022-11-15,123,13,2,444.87,889.74
311,2021-05-29,155,14,4,351.53,1406.12
312,2023-09-05,73,3,9,153.5,1381.5
313,2023-03-13,172,15,5,214.87,1074.35
314,2022-11-07,36,32,9,557.74,5019.66
315,2022-03-11,170,36,2,396.27,792.54
316,2021-09-23,191,40,1,55.67,55.67
317,2022-12-13,108,45,5,495.17,2475.85
318,2023-03-25,72,13,7,494.94,3464.58
319,2022-03-09,10,7,3,592.41,1777.23
320,2022-03-10,162,25,3,72.0,216.0
321,2023-01-28,92,8,3,483.08,1449.24
322,2022-07-24,6,31,5,410.69,2053.45
323,2021-01-15,102,46,3,282.93,848.79
324,2021-07-04,174,18,1,18.54,18.54
325,2023-01-08,188,26,5,377.75,1888.75
326,2023-06-21,13,19,9,87.66,788.94
327,2022-07-17,143,31,2,373.34,746.68
328,2021-01-26,15,49,9,371.69,3345.21
329,2022-10-31,64,11,9,628.14,5653.26
330,2021-09-21,73,7,5,621.27,3106.35
331,2023-09-12,79,14,3,293.01,879.03
332,2021-12-03,59,11,9,564.74,5082.66
333,2021-10-18,48,50,5,739.54,3697.7
334,2022-10-21,173,40,8,57.21,457.68
335,2022-08-23,129,30,8,332.29,2658.32
336,2022-08-13,153,45,8,362.66,2901.28
337,2022-12-28,114,15,6,210.71,1264.26
338,2021-12-27,50,35,5,548.46,2742.3
339,2021-04-07,100,29,5,350.3,1751.5
340,2023-06-10,10,9,2,197.5,395.0
341,2021-03-13,190,2,6,251.84,1511.04
342,2021-03-02,85,24,8,410.37,3282.96
343,2022-06-22,31,39,2,147.59,295.18
344,2021-05-24,196,28,7,137.93,965.51
345,2021-08-14,107,11,1,469.55,469.55
346,2021-11-18,140,35,4,531.13,2124.52
347,2023-07-20,107,17,4,553.7,2214.8
348,2023-03-20,133,46,3,248.28,744.84
349,2022-06-30,91,11,1,524.69,524.69
350,2022-06-07,132,10,6,835.39,5012.34
351,2021-10-30,27,10,1,574.57,574.57
352,2022-10-15,35,22,2,700.89,1401.78
353,2023-03-22,105,10,2,666.86,1333.72
354,2022-12-01,45,21,6,38.29,229.74
355,2022-12-23,25,31,6,438.11,2628.66
356,2023-02-12,25,42,9,28.48,256.32
357,2022-08-16,57,5,5,203.92,1019.6
358,2023-04-28,53,17,5,603.86,3019.3
359,2022-12-26,8,19,1,112.11,112.11
360,2021-10-09,11,48,3,416.95,1250.85
361,2022-02-01,132,35,7,404.53,2831.71
362,2021-07-05,17,36,7,443.4,3103.8
363,2021-01-20,149,46,7,329.95,2309.65
364,2021-03-31,4,28,7,122.47,857.29
365,2021-05-31,31,33,2,34.33,68.66
366,2021-01-09,171,36,3,343.0,1029.0
367,2023-02-02,36,50,9,788.67,7098.03
368,2022-06-22,44,26,7,428.63,3000.41
369,2023-09-20,44,23,1,515.43,515.43
370,2022-07-30,142,28,6,139.86,839.16
371,2022-11-29,9,29,1,375.62,375.62
372,2022-10-08,79,18,7,17.65,123.55
373,2023-04-10,45,48,3,395.43,1186.29
374,2022-01-24,11,16,2,306.55,613.1
375,2022-02-01,195,20,9,40.09,360.81
376,2022-01-30,121,34,8,307.22,2457.76
377,2021-01-28,63,9,4,237.41,949.64
378,2021-09-21,128,25,2,80.03,160.06
379,2021-05-15,58,2,1,320.25,320.25
380,2022-07-31,126,1,9,578.51,5206.59
381,2022-12-09,84,36,8,373.37,2986.96
382,2021-02-06,177,20,4,47.95,191.8
383,2021-09-20,198,12,5,338.99,1694.95
384,2022-01-04,130,44,8,735.43,5883.44
385,2022-05-11,151,45,9,409.32,3683.88
386,2021-10-12,139,33,9,43.95,395.55
387,2021-05-15,93,28,9,154.76,1392.84
388,2022-05-11,59,18,8,19.3,154.4
389,2021-07-07,51,33,9,42.64,383.76
390,2023-06-27,75,38,3,489.5,1468.5
391,2022-08-06,44,18,1,21.72,21.72
392,2021-07-08,173,32,2,559.89,1119.78
393,2022-02-28,149,18,9,19.47,175.23
394,2023-02-15,66,20,2,33.61,67.22
395,2021-10-13,22,31,3,383.28,1149.84
396,2023-07-05,87,10,9,782.37,7041.33
397,2023-02-26,110,6,7,344.76,2413.32
398,2021-02-28,182,17,1,539.13,539.13
399,2021-08-19,31,48,4,387.25,1549.0
400,2022-08-12,21,44,8,752.96,6023.68
401,2022-11-02,47,2,9,335.78,3022.02
402,2021-09-22,20,25,6,92.02,552.12
403,2021-08-06,133,6,2,424.39,848.78
404,2022-07-05,61,43,5,454.66,2273.3
405,2021-10-05,16,48,3,348.31,1044.93
406,2023-09-10,36,42,3,32.39,97.17
407,2021-04-04,4,2,7,363.09,2541.63
408,2022-07-23,121,12,6,459.07,2754.42
409,2022-05-24,74,3,2,132.59,265.18
410,2021-07-05,124,34,7,309.17,2164.19
411,2021-03-03,121,11,5,650.03,3250.15
412,2023-04-02,48,49,8,347.17,2777.36
413,2021-10-01,106,11,8,497.17,3977.36
414,2023-06-09,142,41,8,491.91,3935.28
415,2022-05-14,2,39,4,114.55,458.2
416,2022-10-15,57,17,5,498.7,2493.5
417,2022-07-31,50,43,9,503.14,4528.26
418,2021-12-21,180,17,4,600.63,2402.52
419,2023-07-12,93,24,6,381.27,2287.62
420,2022-02-27,99,43,1,520.08,520.08
421,2022-01-05,127,32,2,527.09,1054.18
422,2021-11-09,13,5,5,189.74,948.7
423,2021-09-25,69,35,7,404.4,2830.8
424,2021-09-06,117,32,3,493.71,1481.13
425,2021-10-06,79,37,4,523.32,2093.28
426,2023-08-01,177,41,7,499.18,3494.26
427,2023-09-10,53,14,7,277.33,1941.31
428,2021-05-21,105,39,6,153.14,918.84
429,2021-09-23,145,28,6,144.4,866.4
430,2022-07-06,147,50,1,802.64,802.64
431,2022-06-24,154,13,7,488.57,3419.99
432,2023-06-22,26,5,5,223.78,1118.9
433,2022-04-26,101,3,9,140.63,1265.67
434,2022-03-24,174,31,9,417.32,3755.88
435,2021-03-01,176,15,5,194.7,973.5
436,2021-01-02,77,46,5,305.93,1529.65
437,2021-05-09,140,43,4,404.85,1619.4
438,2023-06-02,158,30,2,254.56,509.12
439,2021-10-25,143,50,6,614.01,3684.06
440,2021-05-06,118,27,5,390.0,1950.0
441,2023-08-04,4,18,5,17.31,86.55
442,2022-10-02,99,31,3,496.96,1490.88
443,2023-01-28,73,9,7,205.25,1436.75
444,2022-05-10,30,4,5,141.0,705.0
445,2022-01-29,196,40,9,64.62,581.58
446,2021-01-27,76,6,4,336.36,1345.44
447,2022-10-26,79,9,6,185.22,1111.32
448,2022-02-20,193,35,6,383.84,2303.04
449,2021-02-09,82,31,6,543.25,3259.5
450,2022-11-11,2,12,7,359.34,2515.38
451,2023-01-03,10,44,9,601.52,5413.68
452,2022-02-14,98,12,5,447.09,2235.45
453,2022-04-09,75,9,5,242.98,1214.9
454,2021-01-10,70,1,2,618.21,1236.42
455,2021-07-06,41,48,9,365.15,3286.35
456,2021-04-15,169,24,6,382.16,2292.96
457,2023-05-07,52,3,1,110.16,110.16
458,2021-02-24,180,19,3,87.47,262.41
459,2023-04-30,19,32,9,439.39,3954.51
460,2022-06-19,82,43,7,429.6,3007.2
461,2022-06-19,194,35,7,449.03,3143.21
462,2022-06-01,17,42,1,24.49,24.49
463,2023-03-21,37,45,7,368.88,2582.16
464,2021-03-07,96,38,1,541.33,541.33
465,2021-12-03,45,17,5,558.85,2794.25
466,2022-05-16,43,16,3,285.13,855.39
467,2021-09-08,176,1,2,602.18,1204.36
468,2021-03-15,106,43,5,365.44,1827.2
469,2021-08-19,21,34,4,258.88,1035.52
470,2022-11-15,72,44,4,765.54,3062.16
471,2022-12-17,176,24,4,374.26,1497.04
472,2021-03-18,155,45,5,493.64,2468.2
473,2022-07-22,2,2,5,305.63,1528.15
474,2022-08-23,123,11,9,570.83,5137.47
475,2023-08-19,68,49,5,475.34,2376.7
476,2021-09-18,89,19,2,100.01,200.02
477,2022-12-08,44,36,6,306.86,1841.16
478,2022-05-18,171,24,6,414.13,2484.78
479,2022-03-20,81,44,1,628.76,628.76
480,2022-04-02,193,42,7,30.1,210.7
481,2023-03-07,65,16,1,235.56,235.56
482,2022-09-07,47,35,4,554.96,2219.84
483,2022-08-08,66,13,1,375.44,375.44
484,2021-01-08,197,36,2,342.6,685.2
485,2022-12-27,41,25,2,96.11,192.22
486,2021-04-02,37,23,1,431.5,431.5
487,2023-04-23,148,10,5,615.79,3078.95
488,2023-08-20,83,18,3,16.67,50.01
489,2022-01-01,118,17,9,500.06,4500.54
490,2021-07-12,66,38,3,463.74,1391.22
491,2023-09-02,134,49,2,448.84,897.68
492,2023-09-10,54,14,2,282.48,564.96
493,2021-04-27,87,10,6,770.09,4620.54
494,2021-05-11,191,16,4,218.88,875.52
495,2021-02-06,138,8,3,517.31,1551.93
496,2021-06-11,91,42,4,30.5,122.0
497,2022-09-20,123,46,8,250.27,2002.16
498,2022-12-08,47,21,1,44.98,44.98
499,2021-12-18,76,24,8,415.5,3324.0
500,2023-03-05,121,1,4,500.64,2002.56
501,2023-05-18,112,33,8,41.27,330.16
502,2022-11-24,59,34,5,271.54,1357.7
503,2023-07-04,45,4,2,113.17,226.34
504,2022-10-14,39,46,1,348.89,348.89
505,2023-08-08,23,26,7,419.95,2939.65
506,2023-03-12,105,40,7,61.42,429.94
507,2021-06-03,24,37,9,541.77,4875.93
508,2022-11-25,107,20,6,35.97,215.82
509,2021-04-22,24,42,6,26.48,158.88
510,2022-01-23,77,35,6,499.4,2996.4
511,2022-07-21,200,9,4,178.95,715.8
512,2022-12-26,6,7,5,498.81,2494.05
513,2023-05-02,95,9,6,249.41,1496.46
514,2021-06-28,187,30,6,248.19,1489.14
515,2023-07-16,132,33,2,44.02,88.04
516,2023-03-05,6,31,6,476.66,2859.96
517,2023-04-26,71,12,2,454.96,909.92
518,2023-08-12,66,43,9,529.4,4764.6
519,2023-08-30,48,39,2,150.83,301.66
520,2023-08-11,138,23,8,593.84,4750.72
521,2023-05-31,143,6,5,457.03,2285.15
522,2022-01-31,124,46,4,286.55,1146.2
523,2023-09-05,20,45,5,466.47,2332.35
524,2022-07-21,13,30,2,361.83,723.66
525,2022-10-04,84,19,4,102.73,410.92
526,2023-08-05,2,1,1,444.29,444.29
527,2021-01-20,197,17,5,621.8,3109.0
528,2022-08-31,168,35,7,549.86,3849.02
529,2021-04-26,22,21,5,37.58,187.9
530,2021-03-28,174,43,8,399.12,3192.96
531,2022-02-07,135,50,7,676.27,4733.89
532,2021-06-07,179,38,2,474.63,949.26
533,2022-02-04,160,28,5,135.63,678.15
534,2023-01-15,125,16,5,310.85,1554.25
535,2023-08-13,121,23,9,445.84,4012.56
536,2021-12-10,59,39,1,107.53,107.53
537,2022-07-09,87,31,1,396.98,396.98
538,2022-01-22,110,49,4,486.6,1946.4
539,2022-02-02,67,5,7,228.64,1600.48
540,2023-03-07,42,18,1,19.95,19.95
541,2021-05-01,73,40,7,63.44,444.08
542,2023-04-10,55,40,3,49.11,147.33
543,2021-01-01,117,30,5,275.75,1378.75
544,2021-10-30,172,36,1,455.0,455.0
545,2021-07-01,20,16,4,312.84,1251.36
546,2022-08-02,128,13,4,419.9,1679.6
547,2022-04-26,84,13,3,435.71,1307.13
548,2023-08-28,88,28,1,141.64,141.64
549,2022-04-25,159,50,5,728.53,3642.65
550,2023-01-13,14,23,8,540.94,4327.52
551,2022-05-25,193,43,6,446.62,2679.72
552,2021-07-06,167,9,1,224.22,224.22
553,2022-01-28,121,36,8,314.41,2515.28
554,2023-03-22,86,6,6,414.88,2489.28
555,2021-09-22,174,21,6,43.86,263.16
556,2023-08-12,117,7,6,456.1,2736.6
557,2021-06-24,167,12,2,414.23,828.46
558,2022-12-16,114,29,4,302.22,1208.88
559,2021-03-22,168,2,5,311.87,1559.35
560,2022-08-29,163,43,5,400.77,2003.85
561,2022-06-05,187,7,4,616.73,2466.92
562,2021-07-27,196,36,2,356.03,712.06
563,2023-03-29,6,31,1,417.21,417.21
564,2023-04-10,9,22,8,675.87,5406.96
565,2022-07-02,123,8,6,591.5,3549.0
566,2021-04-30,102,3,5,112.77,563.85
567,2021-06-18,56,48,1,311.78,311.78
568,2021-04-12,62,14,1,263.04,263.04
569,2022-03-13,21,22,9,663.65,5972.85
570,2022-06-12,178,8,9,538.12,4843.08
571,2022-07-15,151,32,9,438.78,3949.02
572,2021-05-07,151,26,9,329.22,2962.98
573,2022-02-05,199,21,4,30.28,121.12
574,2022-08-07,131,7,1,497.66,497.66
575,2022-03-06,119,31,4,494.1,1976.4
576,2023-03-06,54,30,5,292.05,1460.25
577,2021-10-13,101,42,9,30.96,278.64
578,2023-06-04,35,42,7,22.49,157.43
579,2022-08-23,81,26,8,338.69,2709.52
580,2022-12-01,157,8,5,591.61,2958.05
581,2021-07-31,39,14,4,270.92,1083.68
582,2021-06-21,14,10,6,731.97,4391.82
583,2021-08-02,54,20,9,47.13,424.17
584,2022-08-03,176,31,6,423.98,2543.88
585,2022-10-07,199,10,2,677.79,1355.58
586,2023-09-04,68,10,4,779.08,3116.32
587,2022-01-27,59,12,1,465.17,465.17
588,2022-09-06,191,37,2,601.43,1202.86
589,2021-04-15,80,46,3,294.36,883.08
590,2022-07-25,106,28,6,153.68,922.08
591,2023-03-12,3,47,1,568.65,568.65
592,2022-05-09,173,40,4,49.83,199.32
593,2022-02-03,122,37,9,578.09,5202.81
594,2022-09-02,39,47,5,497.84,2489.2
595,2021-06-09,190,29,7,340.97,2386.79
596,2021-06-15,86,8,1,487.13,487.13
597,2021-10-14,165,14,8,257.18,2057.44
598,2023-01-11,195,22,5,583.09,2915.45
599,2023-01-14,127,31,8,414.65,3317.2
600,2023-03-03,86,31,2,393.65,787.3
601,2022-01-13,183,6,6,348.54,2091.24
602,2022-12-04,178,45,6,363.78,2182.68
603,2023-04-10,55,7,5,529.45,2647.25
604,2022-11-28,152,34,4,278.79,1115.16
605,2022-01-27,121,24,7,370.54,2593.78
606,2021-06-09,4,15,2,210.59,421.18
607,2021-11-17,101,31,6,435.03,2610.18
608,2022-10-30,154,4,4,128.28,513.12
609,2021-09-29,3,37,8,670.03,5360.24
610,2022-07-30,36,28,4,122.91,491.64
611,2023-09-15,74,2,3,293.86,881.58
612,2021-01-23,42,15,4,182.61,730.44
613,2021-03-30,111,3,4,112.4,449.6
614,2023-01-03,81,41,4,552.29,2209.16
615,2022-07-12,200,3,2,148.58,297.16
616,2023-08-13,11,29,6,333.67,2002.02
617,2022-07-22,168,38,9,404.63,3641.67
618,2022-12-07,77,4,1,131.54,131.54
619,2022-02-12,185,32,3,408.43,1225.29
620,2021-08-07,132,29,6,301.92,1811.52
621,2023-08-02,14,36,3,455.98,1367.94
622,2022-04-03,166,10,5,720.01,3600.05
623,2023-04-16,118,22,9,570.28,5132.52
624,2023-02-09,30,37,2,560.93,1121.86
625,2023-01-18,98,3,4,136.57,546.28
626,2021-04-03,175,16,1,241.92,241.92
627,2022-02-02,192,39,1,133.04,133.04
628,2022-12-17,71,39,3,141.07,423.21
629,2021-05-14,138,21,8,34.4,275.2
630,2022-08-01,57,14,1,267.94,267.94
631,2021-02-15,63,40,5,48.26,241.3
632,2021-01-10,135,9,1,216.85,216.85
633,2023-09-05,10,12,8,389.91,3119.28
634,2021-08-14,86,17,4,575.81,2303.24
635,2021-05-12,3,26,1,352.7,352.7
636,2022-11-24,11,8,5,487.81,2439.05
637,2021-06-11,31,17,2,666.39,1332.78
638,2023-05-31,57,2,1,274.4,274.4
639,2021-06-02,125,41,6,522.72,3136.32
640,2022-08-16,49,35,2,516.36,1032.72
641,2021-04-25,168,12,9,368.24,3314.16
642,2021-02-25,66,1,6,603.03,3618.18
643,2022-07-30,86,35,9,530.49,4774.41
644,2021-03-22,162,37,3,728.01,2184.03
645,2021-08-01,57,22,7,584.84,4093.88
646,2021-02-04,137,47,6,526.27,3157.62
647,2022-11-30,111,25,8,73.99,591.92
648,2022-01-12,12,12,6,486.0,2916.0
649,2021-03-20,188,43,5,477.72,2388.6
650,2022-02-21,4,7,1,547.3,547.3
651,2022-07-04,125,14,3,368.95,1106.85
652,2023-02-09,96,40,6,60.85,365.1
653,2021-02-27,158,7,8,471.22,3769.76
654,2022-07-19,185,46,6,302.86,1817.16
655,2023-09-08,21,1,8,461.13,3689.04
656,2022-09-28,194,25,2,83.96,167.92
657,2021-05-24,72,8,4,446.14,1784.56
658,2021-11-18,89,48,8,283.81,2270.48
659,2022-09-14,70,2,6,267.15,1602.9
660,2021-01-23,191,21,1,33.41,33.41
661,2022-11-17,171,17,8,589.26,4714.08
662,2022-01-13,119,30,4,259.98,1039.92
663,2023-04-14,60,26,1,341.73,341.73
664,2023-01-14,55,13,5,377.09,1885.45
665,2021-01-09,67,34,2,248.82,497.64
666,2023-03-03,21,12,9,387.41,3486.69
667,2023-02-07,92,20,8,46.29,370.32
668,2021-07-02,151,14,4,283.72,1134.88
669,2021-02-27,96,47,4,493.66,1974.64
670,2021-12-01,191,29,6,377.61,2265.66
671,2021-05-19,103,12,8,431.26,3450.08
672,2021-06-13,162,23,9,436.21,3925.89
673,2021-12-29,13,47,2,572.41,1144.82
674,2022-11-09,151,50,4,797.89,3191.56
675,2021-04-24,173,16,8,286.74,2293.92
676,2021-07-06,146,15,2,225.27,450.54
677,2022-06-21,82,17,7,461.09,3227.63
678,2023-06-24,118,18,7,15.37,107.59
679,2022-12-23,29,17,8,648.66,5189.28
680,2021-05-04,126,20,9,41.53,373.77
681,2022-10-29,163,28,4,124.79,499.16
682,2021-06-25,141,48,3,327.45,982.35
683,2023-02-23,96,14,3,260.01,780.03
684,2022-07-08,113,30,4,248.44,993.76
685,2022-06-04,82,18,2,19.23,38.46
686,2021-04-20,13,48,6,286.28,1717.68
687,2023-01-21,124,24,1,410.51,410.51
688,2022-07-19,32,40,1,61.46,61.46
689,2021-11-13,147,26,4,322.51,1290.04
690,2023-05-03,128,43,8,386.23,3089.84
691,2022-04-04,134,33,1,42.71,42.71
692,2023-07-27,63,41,5,534.57,2672.85
693,2023-05-09,149,32,7,401.09,2807.63
694,2022-04-25,108,32,2,438.32,876.64
695,2022-06-01,129,15,3,167.05,501.15
696,2022-05-21,185,7,5,515.08,2575.4
697,2021-12-07,85,32,5,478.59,2392.95
698,2021-08-07,5,37,1,629.99,629.99
699,2021-01-17,27,28,2,150.76,301.52
700,2021-04-24,10,24,5,408.08,2040.4
701,2022-11-25,26,4,4,127.27,509.08
702,2021-11-30,169,9,8,197.8,1582.4
703,2022-01-20,198,5,5,225.4,1127.0
704,2023-09-20,186,32,5,418.12,2090.6
705,2021-12-31,123,46,2,298.72,597.44
706,2021-08-14,56,33,4,48.05,192.2
707,2023-05-11,192,32,8,515.51,4124.08
708,2021-11-22,120,6,6,372.04,2232.24
709,2022-02-15,110,4,2,142.36,284.72
710,2023-01-24,89,45,7,463.6,3245.2
711,2021-12-17,2,15,4,207.73,830.92
712,2022-04-14,19,8,9,583.73,5253.57
713,2021-06-17,140,18,9,21.66,194.94
714,2022-09-12,135,39,2,123.17,246.34
715,2023-08-09,90,16,7,318.99,2232.93
716,2023-01-17,127,16,5,261.52,1307.6
717,2022-03-05,93,36,1,443.04,443.04
718,2021-03-17,115,12,7,338.93,2372.51
719,2021-03-21,187,31,7,508.82,3561.74
720,2021-03-02,39,38,5,455.11,2275.55
721,2022-12-15,100,44,7,751.26,5258.82
722,2023-03-18,79,41,1,550.99,550.99
723,2023-09-23,23,50,2,576.46,1152.92
724,2022-10-21,71,36,6,399.29,2395.74
725,2022-06-18,94,36,5,333.38,1666.9
726,2022-11-08,128,28,6,162.82,976.92
727,2022-08-11,73,24,7,316.14,2212.98
728,2022-03-14,105,15,2,205.53,411.06
729,2022-09-04,16,47,7,534.36,3740.52
730,2021-02-17,92,12,6,444.93,2669.58
731,2021-03-16,44,36,5,351.85,1759.25
732,2021-06-28,72,14,8,295.48,2363.84
733,2023-04-27,183,26,6,435.85,2615.1
734,2023-06-01,45,47,3,425.7,1277.1
735,2021-10-08,5,15,9,214.49,1930.41
736,2022-07-15,80,18,6,21.08,126.48
737,2021-10-16,160,49,3,458.46,1375.38
738,2021-03-23,142,17,6,548.69,3292.14
739,2022-10-23,103,30,7,303.27,2122.89
740,2021-08-23,137,22,3,554.44,1663.32
741,2022-12-20,196,17,2,492.51,985.02
742,2022-07-16,87,44,5,776.01,3880.05
743,2023-03-18,131,42,2,28.75,57.5
744,2022-02-18,122,29,4,303.63,1214.52
745,2021-10-04,57,40,4,56.25,225.0
746,2021-03-31,195,34,1,308.08,308.08
747,2021-01-19,159,3,1,131.82,131.82
748,2022-08-28,132,24,6,332.94,1997.64
749,2023-01-20,188,50,1,648.63,648.63
750,2021-10-11,104,32,2,462.65,925.3
751,2022-11-10,78,5,4,220.58,882.32
752,2021-12-31,100,25,4,72.03,288.12
753,2021-01-28,68,16,2,268.28,536.56
754,2023-06-14,69,32,3,551.11,1653.33
755,2021-01-02,68,42,7,32.16,225.12
756,2022-02-20,134,15,6,215.83,1294.98
757,2021-06-24,191,1,7,528.72,3701.04
758,2021-11-19,100,5,6,227.74,1366.44
759,2021-12-07,72,34,6,334.1,2004.6
760,2022-12-19,99,37,2,700.21,1400.42
761,2021-10-20,11,45,4,371.27,1485.08
762,2021-09-11,88,38,6,434.19,2605.14
763,2021-03-23,167,4,4,140.18,560.72
764,2021-02-15,114,46,1,302.39,302.39
765,2022-12-13,146,31,3,483.27,1449.81
766,2023-08-24,198,32,9,403.95,3635.55
767,2021-12-09,25,37,2,670.85,1341.7
768,2021-01-07,100,22,4,651.09,2604.36
769,2023-04-24,17,25,3,94.86,284.58
770,2023-05-25,61,6,5,364.95,1824.75
771,2021-12-29,74,21,6,36.76,220.56
772,2023-08-07,176,39,8,146.72,1173.76
773,2022-04-17,164,44,9,667.88,6010.92
774,2021-10-29,41,41,8,462.48,3699.84
775,2022-11-04,17,50,6,718.67,4312.02
776,2022-07-11,34,31,4,386.43,1545.72
777,2022-12-25,139,1,7,554.32,3880.24
778,2022-01-03,137,10,9,769.09,6921.81
779,2021-04-14,78,24,6,337.6,2025.6
780,2021-09-05,137,12,8,389.68,3117.44
781,2022-01-29,77,49,7,456.69,3196.83
782,2021-09-12,182,33,3,47.34,142.02
783,2021-03-25,97,26,7,302.87,2120.09
784,2022-09-12,121,39,1,130.89,130.89
785,2021-12-02,183,38,5,398.86,1994.3
786,2023-05-12,119,19,1,107.98,107.98
787,2023-09-13,54,36,6,391.04,2346.24
788,2021-04-17,164,18,6,17.92,107.52
789,2023-09-26,31,42,8,22.57,180.56
790,2021-05-02,60,48,9,410.0,3690.0
791,2021-04-01,161,33,1,34.59,34.59
792,2022-11-25,83,5,9,163.35,1470.15
793,2023-06-10,31,30,9,243.17,2188.53
794,2022-03-10,160,38,2,519.29,1038.58
795,2021-01-30,25,48,4,380.9,1523.6
796,2021-01-05,155,24,9,358.63,3227.67
797,2022-02-28,4,7,6,583.54,3501.24
798,2023-04-26,183,9,7,223.16,1562.12
799,2022-01-16,80,19,1,84.2,84.2
800,2022-10-22,155,2,5,332.73,1663.65
801,2023-01-17,106,40,7,54.28,379.96
802,2023-03-11,88,35,2,476.71,953.42
803,2022-10-19,163,34,7,261.36,1829.52
804,2021-08-25,172,13,9,463.01,4167.09
805,2022-12-30,172,13,5,394.72,1973.6
806,2021-08-21,77,49,8,427.34,3418.72
807,2021-09-28,23,19,8,102.32,818.56
808,2021-10-30,43,4,1,116.07,116.07
809,2021-02-09,174,16,1,261.03,261.03
810,2022-08-11,91,11,6,644.68,3868.08
811,2022-07-09,8,37,8,632.35,5058.8
812,2023-09-24,42,16,5,310.03,1550.15
813,2023-01-03,53,2,9,258.55,2326.95
814,2023-03-07,123,12,9,421.15,3790.35
815,2021-03-06,43,8,7,460.96,3226.72
816,2023-07-07,111,14,1,289.97,289.97
817,2022-02-21,178,48,9,285.17,2566.53
818,2023-02-01,2,40,3,66.72,200.16
819,2022-08-09,105,12,3,483.98,1451.94
820,2021-01-10,161,14,2,309.84,619.68
821,2022-08-04,25,13,8,371.4,2971.2
822,2023-08-22,52,3,2,133.94,267.88
823,2022-03-17,8,16,4,258.47,1033.88
824,2021-05-14,70,16,7,231.93,1623.51
825,2021-05-09,21,6,5,405.25,2026.25
826,2022-06-26,85,13,8,512.34,4098.72
827,2022-08-16,178,50,9,696.01,6264.09
828,2022-06-06,43,11,2,610.38,1220.76
829,2023-06-23,107,10,3,810.18,2430.54
830,2023-09-17,158,13,7,506.35,3544.45
831,2021-09-20,150,8,3,573.59,1720.77
832,2022-07-21,177,31,9,382.9,3446.1
833,2022-03-15,136,4,8,110.16,881.28
834,2021-08-09,131,34,9,329.4,2964.6
835,2023-02-13,167,24,5,417.78,2088.9
836,2021-07-23,147,29,7,279.16,1954.12
837,2021-07-27,96,11,4,578.62,2314.48
838,2023-03-31,78,23,1,583.4,583.4
839,2021-06-02,1,19,3,99.42,298.26
840,2021-11-28,165,21,6,33.94,203.64
841,2022-03-07,198,36,3,410.05,1230.15
842,2021-05-01,126,32,4,402.72,1610.88
843,2021-04-16,74,36,9,315.06,2835.54
844,2021-09-24,34,30,4,359.29,1437.16
845,2022-10-17,124,36,7,362.04,2534.28
846,2021-07-02,173,2,2,281.46,562.92
847,2023-04-05,163,41,2,566.72,1133.44
848,2022-07-27,111,6,2,440.86,881.72
849,2022-01-11,101,1,2,575.27,1150.54
850,2021-03-06,125,13,4,439.13,1756.52
851,2022-08-07,22,5,3,222.23,666.69
852,2023-02-02,178,7,1,433.67,433.67
853,2022-09-13,51,18,1,20.44,20.44
854,2021-07-05,151,8,1,517.98,517.98
855,2022-04-16,190,1,3,525.53,1576.59
856,2021-02-28,33,44,7,766.15,5363.05
857,2023-05-20,60,14,4,295.65,1182.6
858,2023-05-06,156,1,4,498.68,1994.72
859,2021-03-29,141,24,4,353.99,1415.96
860,2021-02-24,127,9,8,245.39,1963.12
861,2021-04-28,17,19,5,92.82,464.1
862,2022-10-26,122,31,6,520.77,3124.62
863,2022-02-04,54,24,5,427.09,2135.45
864,2022-09-05,146,49,8,477.62,3820.96
865,2021-01-27,71,11,7,445.68,3119.76
866,2022-02-08,31,15,1,219.41,219.41
867,2022-09-21,49,5,7,213.63,1495.41
868,2022-10-20,95,1,1,493.97,493.97
869,2022-02-25,150,20,1,46.89,46.89
870,2022-11-21,71,19,8,90.2,721.6
871,2021-08-29,44,33,6,45.24,271.44
872,2022-03-15,118,38,4,430.43,1721.72
873,2023-06-12,110,11,4,600.26,2401.04
874,2021-07-21,23,2,6,368.77,2212.62
875,2021-03-28,8,22,3,516.8,1550.4
876,2023-01-11,143,3,6,148.34,890.04
877,2022-09-03,117,14,6,351.11,2106.66
878,2023-08-16,45,40,3,52.68,158.04
879,2021-08-04,106,3,9,162.98,1466.82
880,2021-01-23,182,48,3,386.85,1160.55
881,2022-08-22,54,25,5,75.44,377.2
882,2021-12-25,65,33,1,37.94,37.94
883,2021-04-04,169,41,8,399.22,3193.76
884,2021-05-31,71,1,8,529.93,4239.44
885,2023-08-14,25,50,1,809.97,809.97
886,2023-07-02,13,25,4,80.28,321.12
887,2021-05-30,35,28,5,130.41,652.05
888,2022-04-21,153,6,8,473.2,3785.6
889,2022-02-27,159,11,6,490.79,2944.74
890,2021-01-24,38,8,3,449.14,1347.42
891,2021-12-04,30,20,3,40.33,120.99
892,2021-09-24,94,23,2,524.88,1049.76
893,2021-11-12,1,40,4,65.08,260.32
894,2021-10-14,63,39,7,114.15,799.05
895,2021-08-16,41,14,4,336.46,1345.84
896,2023-09-21,20,3,4,149.75,599.0
897,2021-11-29,61,6,7,349.51,2446.57
898,2022-09-25,76,18,1,17.4,17.4
899,2022-06-20,191,8,4,583.44,2333.76
900,2022-12-03,15,31,8,479.64,3837.12
901,2023-08-07,200,12,3,457.08,1371.24
902,2021-10-10,183,7,6,571.98,3431.88
903,2023-01-14,102,33,6,42.53,255.18
904,2023-08-04,160,19,3,109.97,329.91
905,2021-11-15,44,48,2,378.67,757.34
906,2022-01-20,1,49,8,418.69,3349.52
907,2022-05-04,168,28,3,145.75,437.25
908,2023-02-04,77,27,2,289.81,579.62
909,2021-08-02,50,33,7,44.36,310.52
910,2021-03-06,13,1,9,496.86,4471.74
911,2021-06-23,171,35,8,423.95,3391.6
912,2022-12-24,173,14,6,330.83,1984.98
913,2021-07-13,8,45,9,457.74,4119.66
914,2021-03-30,13,49,5,416.0,2080.0
915,2023-01-23,184,41,9,502.13,4519.17
916,2021-08-02,15,48,5,356.74,1783.7
917,2023-08-08,130,25,5,80.29,401.45
918,2023-09-20,170,20,6,40.13,240.78
919,2022-10-18,91,39,7,131.95,923.65
920,2023-03-24,122,13,8,543.84,4350.72
921,2021-10-18,20,42,1,27.42,27.42
922,2022-04-25,46,17,3,674.82,2024.46
923,2021-03-11,176,36,9,436.09,3924.81
924,2022-11-20,67,26,3,386.57,1159.71
925,2023-07-17,57,42,2,25.24,50.48
926,2021-11-01,20,40,8,64.21,513.68
927,2023-01-20,2,21,1,41.21,41.21
928,2021-06-17,126,14,5,267.04,1335.2
929,2022-05-02,33,24,2,370.35,740.7
930,2023-09-04,188,20,3,49.06,147.18
931,2023-03-30,26,40,2,59.7,119.4
932,2023-09-01,74,24,9,370.08,3330.72
933,2023-08-08,25,45,9,402.4,3621.6
934,2023-09-25,83,49,7,390.66,2734.62
935,2021-04-09,175,13,8,473.49,3787.92
936,2022-06-28,82,29,4,394.43,1577.72
937,2021-04-05,83,22,7,677.08,4739.56
938,2021-12-20,172,14,4,355.48,1421.92
939,2021-04-28,25,46,6,317.31,1903.86
940,2023-01-27,155,45,8,364.89,2919.12
941,2023-03-05,61,40,1,48.3,48.3
942,2023-01-06,96,50,1,589.11,589.11
943,2023-07-19,59,9,4,198.18,792.72
944,2022-04-22,23,46,8,264.64,2117.12
945,2021-07-08,131,18,5,17.65,88.25
946,2021-02-04,42,48,9,354.57,3191.13
947,2022-09-04,52,28,7,150.76,1055.32
948,2021-09-22,107,17,1,601.02,601.02
949,2023-03-17,194,1,2,578.62,1157.24
950,2022-12-13,162,14,6,305.02,1830.12
951,2021-11-21,49,9,3,214.45,643.35
952,2022-09-16,60,40,4,71.34,285.36
953,2022-10-28,128,32,9,403.22,3628.98
954,2023-04-23,94,40,2,49.55,99.1
955,2022-12-29,72,41,7,446.12,3122.84
956,2023-08-29,94,4,1,126.67,126.67
957,2023-03-21,165,10,3,643.23,1929.69
958,2023-02-02,180,20,6,44.41,266.46
959,2022-04-27,65,11,3,621.72,1865.16
960,2021-10-16,81,5,5,161.98,809.9
961,2023-04-05,149,12,7,473.77,3316.39
962,2021-09-28,119,37,3,601.75,1805.25
963,2023-01-15,137,34,2,241.37,482.74
964,2022-07-30,93,19,1,104.9,104.9
965,2023-07-09,179,20,3,38.24,114.72
966,2021-11-02,124,1,6,452.49,2714.94
967,2023-07-05,119,38,8,497.95,3983.6
968,2022-10-24,60,19,9,88.23,794.07
969,2022-06-10,4,20,5,36.21,181.05
970,2021-12-24,192,12,8,403.61,3228.88
971,2023-02-04,74,15,4,182.86,731.44
972,2023-01-18,139,44,8,583.4,4667.2
973,2021-08-21,57,26,2,443.58,887.16
974,2021-04-11,103,43,5,493.69,2468.45
975,2021-07-23,47,20,8,42.64,341.12
976,2023-01-22,159,35,1,548.24,548.24
977,2021-03-17,44,1,4,601.48,2405.92
978,2022-11-19,78,35,3,476.52,1429.56
979,2021-08-06,165,27,3,379.08,1137.24
980,2022-10-03,29,23,8,468.6,3748.8
981,2021-03-29,21,14,6,335.88,2015.28
982,2022-01-23,133,37,1,661.89,661.89
983,2022-02-03,57,33,8,42.04,336.32
984,2023-02-24,173,19,3,95.92,287.76
985,2022-10-03,6,50,5,710.82,3554.1
986,2022-01-02,32,40,6,55.79,334.74
987,2022-12-18,136,35,4,473.38,1893.52
988,2022-11-24,33,26,4,441.65,1766.6
989,2023-08-08,85,25,2,92.33,184.66
990,2023-05-13,37,14,1,314.12,314.12
991,2022-04-03,162,2,8,365.95,2927.6
992,2022-09-14,159,17,9,492.31,4430.79
993,2021-02-24,25,43,3,366.95,1100.85
994,2023-03-11,193,34,4,285.83,1143.32
995,2021-06-11,29,17,2,521.61,1043.22
996,2021-12-13,78,45,8,516.23,4129.84
997,2023-02-18,32,27,2,317.16,634.32
998,2022-08-30,188,45,4,371.29,1485.16
999,2021-03-31,39,47,4,426.83,1707.32
1000,2023-01-16,148,50,4,617.9,2471.6
